resposta,Teve Febre,Teve Tosse,Teve dor de garganta,Dificuldade de respirar,Teve dor no peito,Perda de olfato e paladar
Nao,98.318543,97.614993,97.992287,98.858706,99.007067,98.712504
Sim,1.191381,1.889922,1.505461,0.639905,0.484204,0.656658
Ignorado,0.41745,0.421595,0.421077,0.425222,0.425308,0.54569
Nao_sabe,0.072626,0.07349,0.081176,0.076167,0.083421,0.085148
