resposta,Teve Febre,Teve Tosse,Teve dor de garganta,Dificuldade de respirar,Teve dor no peito,Perda de olfato e paladar
Nao,98.788272,98.147421,98.477916,99.105598,99.22721,99.053442
Sim,0.796286,1.430423,1.094506,0.469922,0.341081,0.421381
Ignorado,0.35993,0.36561,0.364577,0.365094,0.366385,0.459336
Nao_sabe,0.055513,0.056546,0.063001,0.059386,0.065324,0.065841
